comid,division,province,section
20867042,INTERMONTANE PLATEAUS,BASIN AND RANGE,SACRAMENTO
331416,INTERIOR PLAINS,GREAT PLAINS,EDWARDS PLATEAU
14584331,INTERIOR PLAINS,GREAT PLAINS,"MISSOURI PLATEAU, GLACIATED"
1591985,INTERIOR PLAINS,GREAT PLAINS,COLORADO PIEDMONT
20735873,INTERMONTANE PLATEAUS,COLORADO PLATEAUS,GRAND CANYON
1702586,APPALACHIAN HIGHLANDS,NEW ENGLAND,WHITE MOUNTAIN
1732262,APPALACHIAN HIGHLANDS,NEW ENGLAND,NEW ENGLAND UPLAND
807107,APPALACHIAN HIGHLANDS,NEW ENGLAND,NEW ENGLAND UPLAND
1700514,APPALACHIAN HIGHLANDS,NEW ENGLAND,NEW ENGLAND UPLAND
3319020,APPALACHIAN HIGHLANDS,NEW ENGLAND,NEW ENGLAND UPLAND
19335187,APPALACHIAN HIGHLANDS,NEW ENGLAND,WHITE MOUNTAIN
6710327,APPALACHIAN HIGHLANDS,NEW ENGLAND,WHITE MOUNTAIN
6711747,APPALACHIAN HIGHLANDS,NEW ENGLAND,WHITE MOUNTAIN
5196008,APPALACHIAN HIGHLANDS,NEW ENGLAND,SEABOARD LOWLAND
5196352,APPALACHIAN HIGHLANDS,NEW ENGLAND,SEABOARD LOWLAND
2676838,APPALACHIAN HIGHLANDS,NEW ENGLAND,SEABOARD LOWLAND
2677726,APPALACHIAN HIGHLANDS,NEW ENGLAND,SEABOARD LOWLAND
2683264,APPALACHIAN HIGHLANDS,NEW ENGLAND,SEABOARD LOWLAND
2674088,APPALACHIAN HIGHLANDS,NEW ENGLAND,SEABOARD LOWLAND
6721803,APPALACHIAN HIGHLANDS,NEW ENGLAND,SEABOARD LOWLAND
9311911,APPALACHIAN HIGHLANDS,NEW ENGLAND,WHITE MOUNTAIN
6084241,APPALACHIAN HIGHLANDS,NEW ENGLAND,GREEN MOUNTAIN
6089029,APPALACHIAN HIGHLANDS,NEW ENGLAND,GREEN MOUNTAIN
10294664,APPALACHIAN HIGHLANDS,NEW ENGLAND,GREEN MOUNTAIN
10294362,APPALACHIAN HIGHLANDS,NEW ENGLAND,GREEN MOUNTAIN
10295166,APPALACHIAN HIGHLANDS,NEW ENGLAND,GREEN MOUNTAIN
5866821,APPALACHIAN HIGHLANDS,NEW ENGLAND,SEABOARD LOWLAND
5879555,ATLANTIC PLAIN,COASTAL PLAIN,EMBAYED
5879121,APPALACHIAN HIGHLANDS,NEW ENGLAND,SEABOARD LOWLAND
5879121,ATLANTIC PLAIN,COASTAL PLAIN,EMBAYED
5878731,ATLANTIC PLAIN,COASTAL PLAIN,EMBAYED
5878721,ATLANTIC PLAIN,COASTAL PLAIN,EMBAYED
5879839,ATLANTIC PLAIN,COASTAL PLAIN,EMBAYED
5882389,ATLANTIC PLAIN,COASTAL PLAIN,EMBAYED
6125727,APPALACHIAN HIGHLANDS,NEW ENGLAND,SEABOARD LOWLAND
6124073,APPALACHIAN HIGHLANDS,NEW ENGLAND,SEABOARD LOWLAND
6125735,APPALACHIAN HIGHLANDS,NEW ENGLAND,SEABOARD LOWLAND
7710178,APPALACHIAN HIGHLANDS,NEW ENGLAND,TACONIC
7711874,APPALACHIAN HIGHLANDS,NEW ENGLAND,TACONIC
7709814,APPALACHIAN HIGHLANDS,NEW ENGLAND,TACONIC
7713466,APPALACHIAN HIGHLANDS,NEW ENGLAND,TACONIC
22221671,APPALACHIAN HIGHLANDS,ST. LAWRENCE VALLEY,CHAMPLAIN
22220525,APPALACHIAN HIGHLANDS,ST. LAWRENCE VALLEY,CHAMPLAIN
3247572,APPALACHIAN HIGHLANDS,APPALACHIAN PLATEAUS,CATSKILL
6188242,APPALACHIAN HIGHLANDS,NEW ENGLAND,TACONIC
9521281,APPALACHIAN HIGHLANDS,ADIRONDACK,
9521325,APPALACHIAN HIGHLANDS,ST. LAWRENCE VALLEY,CHAMPLAIN
9521333,APPALACHIAN HIGHLANDS,ST. LAWRENCE VALLEY,CHAMPLAIN
22288425,APPALACHIAN HIGHLANDS,VALLEY AND RIDGE,HUDSON VALLEY
22288449,APPALACHIAN HIGHLANDS,VALLEY AND RIDGE,HUDSON VALLEY
22288307,APPALACHIAN HIGHLANDS,VALLEY AND RIDGE,HUDSON VALLEY
22744269,APPALACHIAN HIGHLANDS,VALLEY AND RIDGE,HUDSON VALLEY
22741127,APPALACHIAN HIGHLANDS,APPALACHIAN PLATEAUS,MOHAWK
22740487,APPALACHIAN HIGHLANDS,APPALACHIAN PLATEAUS,MOHAWK
22742351,APPALACHIAN HIGHLANDS,APPALACHIAN PLATEAUS,MOHAWK
6211718,APPALACHIAN HIGHLANDS,VALLEY AND RIDGE,HUDSON VALLEY
6227590,APPALACHIAN HIGHLANDS,NEW ENGLAND,NEW ENGLAND UPLAND
6249534,APPALACHIAN HIGHLANDS,PIEDMONT,PIEDMONT LOWLANDS
9513514,APPALACHIAN HIGHLANDS,PIEDMONT,PIEDMONT LOWLANDS
6261642,APPALACHIAN HIGHLANDS,PIEDMONT,PIEDMONT LOWLANDS
9513226,APPALACHIAN HIGHLANDS,PIEDMONT,PIEDMONT LOWLANDS
9509812,ATLANTIC PLAIN,COASTAL PLAIN,EMBAYED
9496210,ATLANTIC PLAIN,COASTAL PLAIN,EMBAYED
9496244,ATLANTIC PLAIN,COASTAL PLAIN,EMBAYED
9500182,ATLANTIC PLAIN,COASTAL PLAIN,EMBAYED
9499704,ATLANTIC PLAIN,COASTAL PLAIN,EMBAYED
2613330,APPALACHIAN HIGHLANDS,APPALACHIAN PLATEAUS,CATSKILL
1748725,APPALACHIAN HIGHLANDS,APPALACHIAN PLATEAUS,CATSKILL
1748593,APPALACHIAN HIGHLANDS,APPALACHIAN PLATEAUS,CATSKILL
1748583,APPALACHIAN HIGHLANDS,APPALACHIAN PLATEAUS,CATSKILL
4148358,APPALACHIAN HIGHLANDS,APPALACHIAN PLATEAUS,SOUTHERN NEW YORK
2591085,APPALACHIAN HIGHLANDS,PIEDMONT,PIEDMONT LOWLANDS
4491954,ATLANTIC PLAIN,COASTAL PLAIN,EMBAYED
4653396,ATLANTIC PLAIN,COASTAL PLAIN,EMBAYED
8118827,APPALACHIAN HIGHLANDS,APPALACHIAN PLATEAUS,SOUTHERN NEW YORK
8119205,APPALACHIAN HIGHLANDS,APPALACHIAN PLATEAUS,SOUTHERN NEW YORK
4672233,APPALACHIAN HIGHLANDS,APPALACHIAN PLATEAUS,ALLEGHENY MOUNTAIN
8145174,APPALACHIAN HIGHLANDS,APPALACHIAN PLATEAUS,ALLEGHENY MOUNTAIN
4710026,APPALACHIAN HIGHLANDS,PIEDMONT,PIEDMONT LOWLANDS
4720775,APPALACHIAN HIGHLANDS,PIEDMONT,PIEDMONT LOWLANDS
4721503,APPALACHIAN HIGHLANDS,PIEDMONT,PIEDMONT LOWLANDS
4764902,ATLANTIC PLAIN,COASTAL PLAIN,EMBAYED
4766726,ATLANTIC PLAIN,COASTAL PLAIN,EMBAYED
11689474,ATLANTIC PLAIN,COASTAL PLAIN,EMBAYED
11908004,ATLANTIC PLAIN,COASTAL PLAIN,EMBAYED
11908360,ATLANTIC PLAIN,COASTAL PLAIN,EMBAYED
8401287,ATLANTIC PLAIN,COASTAL PLAIN,EMBAYED
8430816,APPALACHIAN HIGHLANDS,VALLEY AND RIDGE,MIDDLE
8432662,APPALACHIAN HIGHLANDS,VALLEY AND RIDGE,MIDDLE
8431480,APPALACHIAN HIGHLANDS,VALLEY AND RIDGE,MIDDLE
5895232,APPALACHIAN HIGHLANDS,VALLEY AND RIDGE,MIDDLE
8445008,APPALACHIAN HIGHLANDS,VALLEY AND RIDGE,MIDDLE
4506420,APPALACHIAN HIGHLANDS,BLUE RIDGE,NORTHERN
4505876,APPALACHIAN HIGHLANDS,PIEDMONT,PIEDMONT LOWLANDS
22339815,APPALACHIAN HIGHLANDS,PIEDMONT,PIEDMONT LOWLANDS
22339747,ATLANTIC PLAIN,COASTAL PLAIN,EMBAYED
4528429,ATLANTIC PLAIN,COASTAL PLAIN,EMBAYED
8548999,APPALACHIAN HIGHLANDS,BLUE RIDGE,NORTHERN
8549083,APPALACHIAN HIGHLANDS,BLUE RIDGE,NORTHERN
8549681,APPALACHIAN HIGHLANDS,BLUE RIDGE,NORTHERN
8548793,APPALACHIAN HIGHLANDS,BLUE RIDGE,NORTHERN
8572429,APPALACHIAN HIGHLANDS,PIEDMONT,PIEDMONT UPLAND
10453138,ATLANTIC PLAIN,COASTAL PLAIN,EMBAYED
8628753,APPALACHIAN HIGHLANDS,BLUE RIDGE,SOUTHERN
8745857,ATLANTIC PLAIN,COASTAL PLAIN,EMBAYED
10479623,ATLANTIC PLAIN,COASTAL PLAIN,EMBAYED
3350663,ATLANTIC PLAIN,COASTAL PLAIN,EMBAYED
933020084,APPALACHIAN HIGHLANDS,PIEDMONT,PIEDMONT UPLAND
10975373,ATLANTIC PLAIN,COASTAL PLAIN,EMBAYED
8845747,ATLANTIC PLAIN,COASTAL PLAIN,SEA ISLAND
9129936,ATLANTIC PLAIN,COASTAL PLAIN,SEA ISLAND
9660154,ATLANTIC PLAIN,COASTAL PLAIN,SEA ISLAND
9643549,ATLANTIC PLAIN,COASTAL PLAIN,SEA ISLAND
11749517,APPALACHIAN HIGHLANDS,PIEDMONT,PIEDMONT UPLAND
11738649,APPALACHIAN HIGHLANDS,PIEDMONT,PIEDMONT UPLAND
933060031,ATLANTIC PLAIN,COASTAL PLAIN,SEA ISLAND
16624800,ATLANTIC PLAIN,COASTAL PLAIN,FLORIDIAN
16730940,ATLANTIC PLAIN,COASTAL PLAIN,FLORIDIAN
16742581,ATLANTIC PLAIN,COASTAL PLAIN,FLORIDIAN
16802963,ATLANTIC PLAIN,COASTAL PLAIN,FLORIDIAN
16906299,ATLANTIC PLAIN,COASTAL PLAIN,FLORIDIAN
2285103,ATLANTIC PLAIN,COASTAL PLAIN,EAST GULF COASTAL PLAIN
2308777,ATLANTIC PLAIN,COASTAL PLAIN,EAST GULF COASTAL PLAIN
10365720,ATLANTIC PLAIN,COASTAL PLAIN,EAST GULF COASTAL PLAIN
6420644,APPALACHIAN HIGHLANDS,PIEDMONT,PIEDMONT UPLAND
2293900,ATLANTIC PLAIN,COASTAL PLAIN,EAST GULF COASTAL PLAIN
22201149,APPALACHIAN HIGHLANDS,VALLEY AND RIDGE,TENNESSEE
18579909,APPALACHIAN HIGHLANDS,APPALACHIAN PLATEAUS,CUMBERLAND PLATEAU
18580033,APPALACHIAN HIGHLANDS,APPALACHIAN PLATEAUS,CUMBERLAND PLATEAU
18567287,APPALACHIAN HIGHLANDS,APPALACHIAN PLATEAUS,CUMBERLAND PLATEAU
18229349,APPALACHIAN HIGHLANDS,APPALACHIAN PLATEAUS,CUMBERLAND PLATEAU
13063087,INTERIOR PLAINS,CENTRAL LOWLAND,EASTERN LAKE
13063647,INTERIOR PLAINS,CENTRAL LOWLAND,EASTERN LAKE
13063091,INTERIOR PLAINS,CENTRAL LOWLAND,EASTERN LAKE
11937905,LAURENTIAN UPLAND,SUPERIOR UPLAND,
11937893,LAURENTIAN UPLAND,SUPERIOR UPLAND,
11936971,LAURENTIAN UPLAND,SUPERIOR UPLAND,
11938059,LAURENTIAN UPLAND,SUPERIOR UPLAND,
11937879,LAURENTIAN UPLAND,SUPERIOR UPLAND,
13062823,INTERIOR PLAINS,CENTRAL LOWLAND,EASTERN LAKE
13062711,INTERIOR PLAINS,CENTRAL LOWLAND,EASTERN LAKE
11959398,LAURENTIAN UPLAND,SUPERIOR UPLAND,
12011354,INTERIOR PLAINS,CENTRAL LOWLAND,EASTERN LAKE
3473173,INTERIOR PLAINS,CENTRAL LOWLAND,EASTERN LAKE
12132860,INTERIOR PLAINS,CENTRAL LOWLAND,EASTERN LAKE
12129494,INTERIOR PLAINS,CENTRAL LOWLAND,EASTERN LAKE
12210382,INTERIOR PLAINS,CENTRAL LOWLAND,EASTERN LAKE
21983737,APPALACHIAN HIGHLANDS,APPALACHIAN PLATEAUS,SOUTHERN NEW YORK
22022076,APPALACHIAN HIGHLANDS,APPALACHIAN PLATEAUS,MOHAWK
22022994,APPALACHIAN HIGHLANDS,APPALACHIAN PLATEAUS,MOHAWK
15514416,APPALACHIAN HIGHLANDS,ADIRONDACK,
15502969,APPALACHIAN HIGHLANDS,ST. LAWRENCE VALLEY,CHAMPLAIN
15491176,APPALACHIAN HIGHLANDS,ADIRONDACK,
15467005,APPALACHIAN HIGHLANDS,ADIRONDACK,
15469205,APPALACHIAN HIGHLANDS,ADIRONDACK,
9051719,APPALACHIAN HIGHLANDS,APPALACHIAN PLATEAUS,SOUTHERN NEW YORK
4352142,APPALACHIAN HIGHLANDS,APPALACHIAN PLATEAUS,KANAWHA
3773381,APPALACHIAN HIGHLANDS,APPALACHIAN PLATEAUS,ALLEGHENY MOUNTAIN
8972164,APPALACHIAN HIGHLANDS,APPALACHIAN PLATEAUS,KANAWHA
3808833,APPALACHIAN HIGHLANDS,APPALACHIAN PLATEAUS,ALLEGHENY MOUNTAIN
3809755,APPALACHIAN HIGHLANDS,APPALACHIAN PLATEAUS,ALLEGHENY MOUNTAIN
19417133,APPALACHIAN HIGHLANDS,APPALACHIAN PLATEAUS,KANAWHA
19416771,APPALACHIAN HIGHLANDS,APPALACHIAN PLATEAUS,KANAWHA
19413263,APPALACHIAN HIGHLANDS,APPALACHIAN PLATEAUS,KANAWHA
6886316,APPALACHIAN HIGHLANDS,BLUE RIDGE,SOUTHERN
5213861,INTERIOR PLAINS,CENTRAL LOWLAND,TILL PLAINS
2088381,INTERIOR PLAINS,INTERIOR LOW PLATEAUS,LEXINGTON PLAIN
1827634,INTERIOR PLAINS,INTERIOR LOW PLATEAUS,HIGHLAND RIM
1827634,INTERIOR PLAINS,INTERIOR LOW PLATEAUS,LEXINGTON PLAIN
1826510,INTERIOR PLAINS,INTERIOR LOW PLATEAUS,LEXINGTON PLAIN
1827022,INTERIOR PLAINS,INTERIOR LOW PLATEAUS,LEXINGTON PLAIN
1827130,INTERIOR PLAINS,INTERIOR LOW PLATEAUS,LEXINGTON PLAIN
4036544,INTERIOR PLAINS,INTERIOR LOW PLATEAUS,HIGHLAND RIM
20097493,INTERIOR PLAINS,CENTRAL LOWLAND,TILL PLAINS
10189638,APPALACHIAN HIGHLANDS,APPALACHIAN PLATEAUS,CUMBERLAND MOUNTAIN
10188586,APPALACHIAN HIGHLANDS,APPALACHIAN PLATEAUS,CUMBERLAND MOUNTAIN
10187350,APPALACHIAN HIGHLANDS,APPALACHIAN PLATEAUS,CUMBERLAND MOUNTAIN
10188056,APPALACHIAN HIGHLANDS,APPALACHIAN PLATEAUS,CUMBERLAND MOUNTAIN
18421103,APPALACHIAN HIGHLANDS,APPALACHIAN PLATEAUS,CUMBERLAND PLATEAU
18415359,INTERIOR PLAINS,INTERIOR LOW PLATEAUS,NASHVILLE BASIN
18415227,INTERIOR PLAINS,INTERIOR LOW PLATEAUS,NASHVILLE BASIN
18408692,INTERIOR PLAINS,INTERIOR LOW PLATEAUS,NASHVILLE BASIN
18402721,INTERIOR PLAINS,INTERIOR LOW PLATEAUS,NASHVILLE BASIN
10357604,INTERIOR PLAINS,INTERIOR LOW PLATEAUS,HIGHLAND RIM
10157277,INTERIOR PLAINS,INTERIOR LOW PLATEAUS,HIGHLAND RIM
10565218,INTERIOR PLAINS,INTERIOR LOW PLATEAUS,HIGHLAND RIM
22142798,APPALACHIAN HIGHLANDS,VALLEY AND RIDGE,TENNESSEE
22130775,APPALACHIAN HIGHLANDS,BLUE RIDGE,SOUTHERN
19744144,APPALACHIAN HIGHLANDS,VALLEY AND RIDGE,TENNESSEE
22161222,APPALACHIAN HIGHLANDS,BLUE RIDGE,SOUTHERN
14638069,APPALACHIAN HIGHLANDS,APPALACHIAN PLATEAUS,CUMBERLAND MOUNTAIN
14637719,APPALACHIAN HIGHLANDS,VALLEY AND RIDGE,TENNESSEE
22539932,APPALACHIAN HIGHLANDS,VALLEY AND RIDGE,TENNESSEE
19674559,APPALACHIAN HIGHLANDS,BLUE RIDGE,SOUTHERN
19608057,INTERIOR PLAINS,INTERIOR LOW PLATEAUS,HIGHLAND RIM
19546698,ATLANTIC PLAIN,COASTAL PLAIN,EAST GULF COASTAL PLAIN
19530752,INTERIOR PLAINS,INTERIOR LOW PLATEAUS,NASHVILLE BASIN
4948791,INTERIOR PLAINS,CENTRAL LOWLAND,WESTERN LAKE
4959220,INTERIOR PLAINS,CENTRAL LOWLAND,WESTERN LAKE
4416198,INTERIOR PLAINS,CENTRAL LOWLAND,WESTERN LAKE
1850335,LAURENTIAN UPLAND,SUPERIOR UPLAND,
2028841,INTERIOR PLAINS,CENTRAL LOWLAND,DISSECTED TILL PLAINS
13097126,INTERIOR PLAINS,CENTRAL LOWLAND,WISCONSIN DRIFTLESS
13098460,INTERIOR PLAINS,CENTRAL LOWLAND,WISCONSIN DRIFTLESS
13358594,INTERIOR PLAINS,CENTRAL LOWLAND,WISCONSIN DRIFTLESS
14728306,LAURENTIAN UPLAND,SUPERIOR UPLAND,
14707682,INTERIOR PLAINS,CENTRAL LOWLAND,WISCONSIN DRIFTLESS
13636213,INTERIOR PLAINS,CENTRAL LOWLAND,WISCONSIN DRIFTLESS
17557489,INTERIOR PLAINS,CENTRAL LOWLAND,DISSECTED TILL PLAINS
13414022,INTERIOR PLAINS,CENTRAL LOWLAND,TILL PLAINS
6591448,INTERIOR PLAINS,CENTRAL LOWLAND,WESTERN LAKE
13451040,INTERIOR PLAINS,CENTRAL LOWLAND,EASTERN LAKE
13571457,INTERIOR PLAINS,CENTRAL LOWLAND,TILL PLAINS
3630523,INTERIOR HIGHLANDS,OZARK PLATEAUS,SPRINGFIELD-SALEM PLATEAUS
13772162,INTERIOR PLAINS,CENTRAL LOWLAND,TILL PLAINS
655760,ATLANTIC PLAIN,COASTAL PLAIN,MISSISSIPPI ALLUVIAL PLAIN
18059662,ATLANTIC PLAIN,COASTAL PLAIN,MISSISSIPPI ALLUVIAL PLAIN
18043164,ATLANTIC PLAIN,COASTAL PLAIN,MISSISSIPPI ALLUVIAL PLAIN
22001492,INTERIOR HIGHLANDS,OUACHITA,OUACHITA MOUNTAINS
19347945,ATLANTIC PLAIN,COASTAL PLAIN,MISSISSIPPI ALLUVIAL PLAIN
21903177,ATLANTIC PLAIN,COASTAL PLAIN,WEST GULF COASTAL PLAIN
21902099,ATLANTIC PLAIN,COASTAL PLAIN,WEST GULF COASTAL PLAIN
21903125,ATLANTIC PLAIN,COASTAL PLAIN,WEST GULF COASTAL PLAIN
21902309,ATLANTIC PLAIN,COASTAL PLAIN,WEST GULF COASTAL PLAIN
21903161,ATLANTIC PLAIN,COASTAL PLAIN,WEST GULF COASTAL PLAIN
11064463,ATLANTIC PLAIN,COASTAL PLAIN,MISSISSIPPI ALLUVIAL PLAIN
7111567,LAURENTIAN UPLAND,SUPERIOR UPLAND,
7174772,LAURENTIAN UPLAND,SUPERIOR UPLAND,
12416285,INTERIOR PLAINS,GREAT PLAINS,"MISSOURI PLATEAU, UNGLACIATED"
3854705,ROCKY MOUNTAIN SYSTEM,NORTHERN ROCKY MOUNTAINS,
12539874,INTERIOR PLAINS,GREAT PLAINS,"MISSOURI PLATEAU, GLACIATED"
12656201,INTERIOR PLAINS,GREAT PLAINS,"MISSOURI PLATEAU, GLACIATED"
3061578,ROCKY MOUNTAIN SYSTEM,MIDDLE ROCKY MOUNTAINS,
12594812,INTERIOR PLAINS,GREAT PLAINS,"MISSOURI PLATEAU, GLACIATED"
3096543,INTERIOR PLAINS,GREAT PLAINS,"MISSOURI PLATEAU, GLACIATED"
12903674,ROCKY MOUNTAIN SYSTEM,WYOMING BASIN,
12770513,INTERIOR PLAINS,GREAT PLAINS,"MISSOURI PLATEAU, UNGLACIATED"
5351813,ROCKY MOUNTAIN SYSTEM,MIDDLE ROCKY MOUNTAINS,
5378020,INTERIOR PLAINS,GREAT PLAINS,"MISSOURI PLATEAU, UNGLACIATED"
9784495,INTERIOR PLAINS,GREAT PLAINS,"MISSOURI PLATEAU, UNGLACIATED"
9389855,INTERIOR PLAINS,GREAT PLAINS,BLACK HILLS
9389695,INTERIOR PLAINS,GREAT PLAINS,BLACK HILLS
17535039,INTERIOR PLAINS,GREAT PLAINS,"MISSOURI PLATEAU, UNGLACIATED"
14552653,INTERIOR PLAINS,GREAT PLAINS,BLACK HILLS
5481821,INTERIOR PLAINS,GREAT PLAINS,BLACK HILLS
5481929,INTERIOR PLAINS,GREAT PLAINS,BLACK HILLS
11601607,INTERIOR PLAINS,CENTRAL LOWLAND,WESTERN LAKE
2888816,INTERIOR PLAINS,GREAT PLAINS,COLORADO PIEDMONT
4055293,INTERIOR PLAINS,GREAT PLAINS,COLORADO PIEDMONT
5252051,INTERIOR PLAINS,GREAT PLAINS,COLORADO PIEDMONT
15975206,ROCKY MOUNTAIN SYSTEM,WYOMING BASIN,
15968715,ROCKY MOUNTAIN SYSTEM,WYOMING BASIN,
19058924,INTERIOR PLAINS,GREAT PLAINS,HIGH PLAINS
17422038,INTERIOR PLAINS,GREAT PLAINS,HIGH PLAINS
17225991,INTERIOR PLAINS,CENTRAL LOWLAND,DISSECTED TILL PLAINS
11699278,INTERIOR PLAINS,GREAT PLAINS,HIGH PLAINS
18949175,INTERIOR PLAINS,GREAT PLAINS,PLAINS BORDER
18882878,INTERIOR PLAINS,CENTRAL LOWLAND,OSAGE PLAINS
7331552,INTERIOR PLAINS,GREAT PLAINS,PLAINS BORDER
18866696,INTERIOR PLAINS,GREAT PLAINS,PLAINS BORDER
3732981,INTERIOR PLAINS,CENTRAL LOWLAND,OSAGE PLAINS
5969514,INTERIOR PLAINS,CENTRAL LOWLAND,DISSECTED TILL PLAINS
7413480,INTERIOR HIGHLANDS,OZARK PLATEAUS,SPRINGFIELD-SALEM PLATEAUS
4391087,INTERIOR PLAINS,CENTRAL LOWLAND,DISSECTED TILL PLAINS
7622524,INTERIOR HIGHLANDS,OZARK PLATEAUS,SPRINGFIELD-SALEM PLATEAUS
7666354,INTERIOR HIGHLANDS,OZARK PLATEAUS,SPRINGFIELD-SALEM PLATEAUS
8589144,INTERIOR HIGHLANDS,OZARK PLATEAUS,"BOSTON ""MOUNTAINS"""
11816919,INTERIOR HIGHLANDS,OZARK PLATEAUS,"BOSTON ""MOUNTAINS"""
11820089,INTERIOR HIGHLANDS,OZARK PLATEAUS,"BOSTON ""MOUNTAINS"""
7650029,INTERIOR HIGHLANDS,OZARK PLATEAUS,SPRINGFIELD-SALEM PLATEAUS
11779293,INTERIOR HIGHLANDS,OUACHITA,ARKANSAS VALLEY
11775923,INTERIOR HIGHLANDS,OZARK PLATEAUS,"BOSTON ""MOUNTAINS"""
923363,ROCKY MOUNTAIN SYSTEM,SOUTHERN ROCKY MOUNTAINS,
949511,ROCKY MOUNTAIN SYSTEM,SOUTHERN ROCKY MOUNTAINS,
1005481,INTERIOR PLAINS,GREAT PLAINS,COLORADO PIEDMONT
22076507,INTERIOR PLAINS,GREAT PLAINS,PLAINS BORDER
21150594,INTERIOR PLAINS,GREAT PLAINS,PLAINS BORDER
21122485,INTERIOR PLAINS,GREAT PLAINS,RATON
491734,INTERIOR PLAINS,CENTRAL LOWLAND,OSAGE PLAINS
20985635,INTERIOR PLAINS,CENTRAL LOWLAND,OSAGE PLAINS
20066131,INTERIOR PLAINS,GREAT PLAINS,RATON
20050451,INTERIOR PLAINS,GREAT PLAINS,RATON
20051177,INTERIOR PLAINS,GREAT PLAINS,RATON
20031193,INTERIOR PLAINS,GREAT PLAINS,PECOS VALLEY
20025857,INTERIOR PLAINS,GREAT PLAINS,RATON
20017775,INTERIOR PLAINS,GREAT PLAINS,PECOS VALLEY
13853867,INTERIOR PLAINS,GREAT PLAINS,HIGH PLAINS
381274,INTERIOR HIGHLANDS,OUACHITA,ARKANSAS VALLEY
1544599,INTERIOR HIGHLANDS,OUACHITA,ARKANSAS VALLEY
7755022,INTERIOR HIGHLANDS,OUACHITA,ARKANSAS VALLEY
7751434,INTERIOR HIGHLANDS,OZARK PLATEAUS,"BOSTON ""MOUNTAINS"""
7816504,INTERIOR HIGHLANDS,OUACHITA,ARKANSAS VALLEY
7831324,INTERIOR HIGHLANDS,OUACHITA,OUACHITA MOUNTAINS
7830238,INTERIOR HIGHLANDS,OUACHITA,OUACHITA MOUNTAINS
22848083,INTERIOR HIGHLANDS,OUACHITA,OUACHITA MOUNTAINS
19957736,INTERIOR PLAINS,CENTRAL LOWLAND,OSAGE PLAINS
703984,INTERIOR HIGHLANDS,OUACHITA,OUACHITA MOUNTAINS
1111137,ATLANTIC PLAIN,COASTAL PLAIN,WEST GULF COASTAL PLAIN
1572518,ATLANTIC PLAIN,COASTAL PLAIN,WEST GULF COASTAL PLAIN
13676133,INTERIOR PLAINS,GREAT PLAINS,HIGH PLAINS
5511902,INTERIOR PLAINS,GREAT PLAINS,CENTRAL TEXAS
5569081,ATLANTIC PLAIN,COASTAL PLAIN,WEST GULF COASTAL PLAIN
5721375,INTERIOR PLAINS,GREAT PLAINS,CENTRAL TEXAS
5705492,INTERIOR PLAINS,GREAT PLAINS,EDWARDS PLATEAU
5771723,INTERIOR PLAINS,GREAT PLAINS,CENTRAL TEXAS
5785519,INTERIOR PLAINS,GREAT PLAINS,EDWARDS PLATEAU
5779373,INTERIOR PLAINS,GREAT PLAINS,CENTRAL TEXAS
5785299,INTERIOR PLAINS,GREAT PLAINS,CENTRAL TEXAS
1631341,ATLANTIC PLAIN,COASTAL PLAIN,WEST GULF COASTAL PLAIN
3839483,ATLANTIC PLAIN,COASTAL PLAIN,WEST GULF COASTAL PLAIN
17880652,ROCKY MOUNTAIN SYSTEM,SOUTHERN ROCKY MOUNTAINS,
17796636,INTERMONTANE PLATEAUS,COLORADO PLATEAUS,DATIL
17775511,INTERMONTANE PLATEAUS,COLORADO PLATEAUS,DATIL
17770107,INTERMONTANE PLATEAUS,COLORADO PLATEAUS,DATIL
3221181,INTERMONTANE PLATEAUS,BASIN AND RANGE,MEXICAN HIGHLAND
281936,INTERMONTANE PLATEAUS,BASIN AND RANGE,MEXICAN HIGHLAND
943040101,INTERMONTANE PLATEAUS,BASIN AND RANGE,MEXICAN HIGHLAND
12093754,INTERIOR PLAINS,GREAT PLAINS,EDWARDS PLATEAU
943050122,INTERMONTANE PLATEAUS,BASIN AND RANGE,SACRAMENTO
20830648,INTERMONTANE PLATEAUS,BASIN AND RANGE,SACRAMENTO
20831408,INTERMONTANE PLATEAUS,BASIN AND RANGE,SACRAMENTO
20800873,INTERIOR PLAINS,GREAT PLAINS,PECOS VALLEY
20800713,INTERIOR PLAINS,GREAT PLAINS,PECOS VALLEY
22422150,INTERMONTANE PLATEAUS,BASIN AND RANGE,SACRAMENTO
20759090,INTERIOR PLAINS,GREAT PLAINS,PECOS VALLEY
317709,INTERIOR PLAINS,GREAT PLAINS,EDWARDS PLATEAU
1235955,ROCKY MOUNTAIN SYSTEM,SOUTHERN ROCKY MOUNTAINS,
1312217,ROCKY MOUNTAIN SYSTEM,SOUTHERN ROCKY MOUNTAINS,
9769276,INTERMONTANE PLATEAUS,COLORADO PLATEAUS,CANYON LANDS
3380617,INTERMONTANE PLATEAUS,COLORADO PLATEAUS,CANYON LANDS
3265844,ROCKY MOUNTAIN SYSTEM,MIDDLE ROCKY MOUNTAINS,
1352306,ROCKY MOUNTAIN SYSTEM,WYOMING BASIN,
1355718,ROCKY MOUNTAIN SYSTEM,WYOMING BASIN,
3241667,INTERMONTANE PLATEAUS,COLORADO PLATEAUS,UINTA BASIN
3240647,INTERMONTANE PLATEAUS,COLORADO PLATEAUS,UINTA BASIN
5308194,INTERMONTANE PLATEAUS,COLORADO PLATEAUS,UINTA BASIN
5308026,INTERMONTANE PLATEAUS,COLORADO PLATEAUS,UINTA BASIN
3520195,INTERMONTANE PLATEAUS,COLORADO PLATEAUS,UINTA BASIN
4886233,INTERMONTANE PLATEAUS,COLORADO PLATEAUS,CANYON LANDS
3278389,INTERMONTANE PLATEAUS,COLORADO PLATEAUS,CANYON LANDS
3278407,INTERMONTANE PLATEAUS,COLORADO PLATEAUS,HIGH PLATEAUS OF UTAH
3278357,INTERMONTANE PLATEAUS,COLORADO PLATEAUS,HIGH PLATEAUS OF UTAH
3527963,INTERMONTANE PLATEAUS,COLORADO PLATEAUS,HIGH PLATEAUS OF UTAH
16978240,INTERMONTANE PLATEAUS,COLORADO PLATEAUS,NAVAJO
1410871,INTERMONTANE PLATEAUS,COLORADO PLATEAUS,NAVAJO
1383480,INTERMONTANE PLATEAUS,COLORADO PLATEAUS,CANYON LANDS
20721082,INTERMONTANE PLATEAUS,COLORADO PLATEAUS,GRAND CANYON
20706279,INTERMONTANE PLATEAUS,COLORADO PLATEAUS,GRAND CANYON
20694042,INTERMONTANE PLATEAUS,COLORADO PLATEAUS,GRAND CANYON
10025682,INTERMONTANE PLATEAUS,COLORADO PLATEAUS,HIGH PLATEAUS OF UTAH
20576559,INTERMONTANE PLATEAUS,COLORADO PLATEAUS,DATIL
21755018,INTERMONTANE PLATEAUS,COLORADO PLATEAUS,GRAND CANYON
20557383,INTERMONTANE PLATEAUS,COLORADO PLATEAUS,NAVAJO
21747019,INTERMONTANE PLATEAUS,COLORADO PLATEAUS,GRAND CANYON
20545682,INTERMONTANE PLATEAUS,COLORADO PLATEAUS,NAVAJO
10016940,INTERMONTANE PLATEAUS,BASIN AND RANGE,SONORAN DESERT
945030268,INTERMONTANE PLATEAUS,BASIN AND RANGE,SONORAN DESERT
21412191,INTERMONTANE PLATEAUS,BASIN AND RANGE,SALTON TROUGH
21352885,INTERMONTANE PLATEAUS,COLORADO PLATEAUS,DATIL
20401727,INTERMONTANE PLATEAUS,BASIN AND RANGE,MEXICAN HIGHLAND
20375831,INTERMONTANE PLATEAUS,BASIN AND RANGE,SONORAN DESERT
15838534,INTERMONTANE PLATEAUS,BASIN AND RANGE,SONORAN DESERT
20371849,INTERMONTANE PLATEAUS,BASIN AND RANGE,MEXICAN HIGHLAND
10679904,INTERMONTANE PLATEAUS,BASIN AND RANGE,GREAT BASIN
3502973,INTERMONTANE PLATEAUS,COLORADO PLATEAUS,HIGH PLATEAUS OF UTAH
11206072,INTERMONTANE PLATEAUS,BASIN AND RANGE,GREAT BASIN
11135650,INTERMONTANE PLATEAUS,BASIN AND RANGE,GREAT BASIN
22949353,ROCKY MOUNTAIN SYSTEM,NORTHERN ROCKY MOUNTAINS,
22995393,ROCKY MOUNTAIN SYSTEM,NORTHERN ROCKY MOUNTAINS,
947020216,PACIFIC MOUNTAIN SYSTEM,CASCADE-SIERRA MOUNTAINS,NORTHERN CASCADE MOUNTAINS
23080734,PACIFIC MOUNTAIN SYSTEM,CASCADE-SIERRA MOUNTAINS,NORTHERN CASCADE MOUNTAINS
24129667,INTERMONTANE PLATEAUS,COLUMBIA PLATEAU,WALLA WALLA PLATEAU
24424061,PACIFIC MOUNTAIN SYSTEM,CASCADE-SIERRA MOUNTAINS,MIDDLE CASCADE MOUNTAINS
23123809,ROCKY MOUNTAIN SYSTEM,MIDDLE ROCKY MOUNTAINS,
23135935,ROCKY MOUNTAIN SYSTEM,MIDDLE ROCKY MOUNTAINS,
24470186,INTERMONTANE PLATEAUS,COLUMBIA PLATEAU,SNAKE RIVER PLAIN
24558759,INTERMONTANE PLATEAUS,COLUMBIA PLATEAU,SNAKE RIVER PLAIN
23155866,INTERMONTANE PLATEAUS,BASIN AND RANGE,GREAT BASIN
23164113,INTERMONTANE PLATEAUS,BASIN AND RANGE,GREAT BASIN
24491062,INTERMONTANE PLATEAUS,COLUMBIA PLATEAU,SNAKE RIVER PLAIN
23267424,INTERMONTANE PLATEAUS,COLUMBIA PLATEAU,SNAKE RIVER PLAIN
23268272,INTERMONTANE PLATEAUS,COLUMBIA PLATEAU,SNAKE RIVER PLAIN
23275992,INTERMONTANE PLATEAUS,COLUMBIA PLATEAU,PAYETTE
23318188,INTERMONTANE PLATEAUS,COLUMBIA PLATEAU,PAYETTE
23350647,INTERMONTANE PLATEAUS,COLUMBIA PLATEAU,PAYETTE
24544395,INTERMONTANE PLATEAUS,COLUMBIA PLATEAU,PAYETTE
23416245,INTERMONTANE PLATEAUS,COLUMBIA PLATEAU,PAYETTE
24158461,ROCKY MOUNTAIN SYSTEM,NORTHERN ROCKY MOUNTAINS,
24224889,INTERMONTANE PLATEAUS,COLUMBIA PLATEAU,BLUE MOUNTAIN
23437277,INTERMONTANE PLATEAUS,COLUMBIA PLATEAU,BLUE MOUNTAIN
23450099,INTERMONTANE PLATEAUS,COLUMBIA PLATEAU,WALLA WALLA PLATEAU
23459583,INTERMONTANE PLATEAUS,COLUMBIA PLATEAU,WALLA WALLA PLATEAU
23513448,ROCKY MOUNTAIN SYSTEM,NORTHERN ROCKY MOUNTAINS,
23637884,INTERMONTANE PLATEAUS,COLUMBIA PLATEAU,BLUE MOUNTAIN
24507364,INTERMONTANE PLATEAUS,COLUMBIA PLATEAU,WALLA WALLA PLATEAU
23822665,INTERMONTANE PLATEAUS,COLUMBIA PLATEAU,BLUE MOUNTAIN
23681265,INTERMONTANE PLATEAUS,COLUMBIA PLATEAU,BLUE MOUNTAIN
23700417,INTERMONTANE PLATEAUS,COLUMBIA PLATEAU,WALLA WALLA PLATEAU
23709803,INTERMONTANE PLATEAUS,COLUMBIA PLATEAU,HARNEY
23737617,PACIFIC MOUNTAIN SYSTEM,CASCADE-SIERRA MOUNTAINS,MIDDLE CASCADE MOUNTAINS
24520478,PACIFIC MOUNTAIN SYSTEM,PACIFIC BORDER,OREGON COAST RANGE
24249746,PACIFIC MOUNTAIN SYSTEM,PACIFIC BORDER,PUGET TROUGH
23752718,PACIFIC MOUNTAIN SYSTEM,CASCADE-SIERRA MOUNTAINS,MIDDLE CASCADE MOUNTAINS
23760266,PACIFIC MOUNTAIN SYSTEM,CASCADE-SIERRA MOUNTAINS,MIDDLE CASCADE MOUNTAINS
23764797,PACIFIC MOUNTAIN SYSTEM,PACIFIC BORDER,PUGET TROUGH
23809168,PACIFIC MOUNTAIN SYSTEM,CASCADE-SIERRA MOUNTAINS,MIDDLE CASCADE MOUNTAINS
23838998,PACIFIC MOUNTAIN SYSTEM,PACIFIC BORDER,OLYMPIC MOUNTAINS
23845087,PACIFIC MOUNTAIN SYSTEM,PACIFIC BORDER,OLYMPIC MOUNTAINS
23860943,PACIFIC MOUNTAIN SYSTEM,PACIFIC BORDER,OLYMPIC MOUNTAINS
23857779,PACIFIC MOUNTAIN SYSTEM,PACIFIC BORDER,OLYMPIC MOUNTAINS
23861401,PACIFIC MOUNTAIN SYSTEM,PACIFIC BORDER,OREGON COAST RANGE
23865774,PACIFIC MOUNTAIN SYSTEM,PACIFIC BORDER,OREGON COAST RANGE
23886844,PACIFIC MOUNTAIN SYSTEM,PACIFIC BORDER,OREGON COAST RANGE
23910361,PACIFIC MOUNTAIN SYSTEM,PACIFIC BORDER,OREGON COAST RANGE
23931688,PACIFIC MOUNTAIN SYSTEM,PACIFIC BORDER,KLAMATH MOUNTAINS
23946051,PACIFIC MOUNTAIN SYSTEM,PACIFIC BORDER,KLAMATH MOUNTAINS
23952594,PACIFIC MOUNTAIN SYSTEM,PACIFIC BORDER,PUGET TROUGH
23954017,PACIFIC MOUNTAIN SYSTEM,PACIFIC BORDER,PUGET TROUGH
23957020,PACIFIC MOUNTAIN SYSTEM,CASCADE-SIERRA MOUNTAINS,NORTHERN CASCADE MOUNTAINS
24270478,PACIFIC MOUNTAIN SYSTEM,CASCADE-SIERRA MOUNTAINS,NORTHERN CASCADE MOUNTAINS
23962999,PACIFIC MOUNTAIN SYSTEM,PACIFIC BORDER,PUGET TROUGH
23963647,PACIFIC MOUNTAIN SYSTEM,CASCADE-SIERRA MOUNTAINS,NORTHERN CASCADE MOUNTAINS
24282372,PACIFIC MOUNTAIN SYSTEM,PACIFIC BORDER,PUGET TROUGH
24286874,PACIFIC MOUNTAIN SYSTEM,PACIFIC BORDER,PUGET TROUGH
24286842,PACIFIC MOUNTAIN SYSTEM,PACIFIC BORDER,PUGET TROUGH
24287262,PACIFIC MOUNTAIN SYSTEM,PACIFIC BORDER,PUGET TROUGH
24287640,PACIFIC MOUNTAIN SYSTEM,PACIFIC BORDER,PUGET TROUGH
24287968,PACIFIC MOUNTAIN SYSTEM,PACIFIC BORDER,PUGET TROUGH
24287674,PACIFIC MOUNTAIN SYSTEM,PACIFIC BORDER,OLYMPIC MOUNTAINS
24287754,PACIFIC MOUNTAIN SYSTEM,PACIFIC BORDER,PUGET TROUGH
24288052,PACIFIC MOUNTAIN SYSTEM,PACIFIC BORDER,PUGET TROUGH
23989205,PACIFIC MOUNTAIN SYSTEM,PACIFIC BORDER,PUGET TROUGH
23988967,PACIFIC MOUNTAIN SYSTEM,PACIFIC BORDER,PUGET TROUGH
23989111,PACIFIC MOUNTAIN SYSTEM,PACIFIC BORDER,PUGET TROUGH
23990107,PACIFIC MOUNTAIN SYSTEM,PACIFIC BORDER,PUGET TROUGH
947120084,INTERMONTANE PLATEAUS,COLUMBIA PLATEAU,PAYETTE
947120084,INTERMONTANE PLATEAUS,COLUMBIA PLATEAU,HARNEY
24019015,INTERMONTANE PLATEAUS,COLUMBIA PLATEAU,HARNEY
24027276,INTERMONTANE PLATEAUS,COLUMBIA PLATEAU,HARNEY
8272521,PACIFIC MOUNTAIN SYSTEM,PACIFIC BORDER,CALIFORNIA COAST RANGES
24092422,INTERMONTANE PLATEAUS,BASIN AND RANGE,GREAT BASIN
24092422,PACIFIC MOUNTAIN SYSTEM,CASCADE-SIERRA MOUNTAINS,SOUTHERN CASCADE MOUNTAINS
8265180,PACIFIC MOUNTAIN SYSTEM,CASCADE-SIERRA MOUNTAINS,SOUTHERN CASCADE MOUNTAINS
358835,PACIFIC MOUNTAIN SYSTEM,CASCADE-SIERRA MOUNTAINS,SOUTHERN CASCADE MOUNTAINS
3918498,PACIFIC MOUNTAIN SYSTEM,PACIFIC BORDER,KLAMATH MOUNTAINS
4441776,PACIFIC MOUNTAIN SYSTEM,PACIFIC BORDER,KLAMATH MOUNTAINS
8257615,PACIFIC MOUNTAIN SYSTEM,PACIFIC BORDER,KLAMATH MOUNTAINS
948021260,PACIFIC MOUNTAIN SYSTEM,CASCADE-SIERRA MOUNTAINS,SOUTHERN CASCADE MOUNTAINS
12071458,PACIFIC MOUNTAIN SYSTEM,PACIFIC BORDER,CALIFORNIA COAST RANGES
15059765,PACIFIC MOUNTAIN SYSTEM,PACIFIC BORDER,CALIFORNIA TROUGH
15027269,PACIFIC MOUNTAIN SYSTEM,PACIFIC BORDER,CALIFORNIA COAST RANGES
8006125,PACIFIC MOUNTAIN SYSTEM,PACIFIC BORDER,CALIFORNIA COAST RANGES
8005857,PACIFIC MOUNTAIN SYSTEM,PACIFIC BORDER,CALIFORNIA COAST RANGES
2766676,PACIFIC MOUNTAIN SYSTEM,CASCADE-SIERRA MOUNTAINS,SOUTHERN CASCADE MOUNTAINS
2773112,PACIFIC MOUNTAIN SYSTEM,CASCADE-SIERRA MOUNTAINS,SIERRA NEVADA
14970923,PACIFIC MOUNTAIN SYSTEM,CASCADE-SIERRA MOUNTAINS,SIERRA NEVADA
14971145,PACIFIC MOUNTAIN SYSTEM,CASCADE-SIERRA MOUNTAINS,SIERRA NEVADA
14959601,PACIFIC MOUNTAIN SYSTEM,CASCADE-SIERRA MOUNTAINS,SIERRA NEVADA
17142644,PACIFIC MOUNTAIN SYSTEM,PACIFIC BORDER,CALIFORNIA TROUGH
17159188,PACIFIC MOUNTAIN SYSTEM,PACIFIC BORDER,CALIFORNIA TROUGH
17140824,PACIFIC MOUNTAIN SYSTEM,PACIFIC BORDER,CALIFORNIA TROUGH
17160828,PACIFIC MOUNTAIN SYSTEM,PACIFIC BORDER,CALIFORNIA COAST RANGES
2977694,PACIFIC MOUNTAIN SYSTEM,PACIFIC BORDER,CALIFORNIA TROUGH
17119229,PACIFIC MOUNTAIN SYSTEM,CASCADE-SIERRA MOUNTAINS,SIERRA NEVADA
17682658,PACIFIC MOUNTAIN SYSTEM,PACIFIC BORDER,CALIFORNIA COAST RANGES
17664129,PACIFIC MOUNTAIN SYSTEM,PACIFIC BORDER,CALIFORNIA COAST RANGES
17649383,PACIFIC MOUNTAIN SYSTEM,PACIFIC BORDER,CALIFORNIA COAST RANGES
8204277,PACIFIC MOUNTAIN SYSTEM,PACIFIC BORDER,CALIFORNIA COAST RANGES
17591098,PACIFIC MOUNTAIN SYSTEM,PACIFIC BORDER,LOS ANGELES RANGES
17591110,PACIFIC MOUNTAIN SYSTEM,PACIFIC BORDER,LOS ANGELES RANGES
17591170,PACIFIC MOUNTAIN SYSTEM,PACIFIC BORDER,LOS ANGELES RANGES
17574611,PACIFIC MOUNTAIN SYSTEM,PACIFIC BORDER,LOS ANGELES RANGES
17573675,PACIFIC MOUNTAIN SYSTEM,PACIFIC BORDER,LOS ANGELES RANGES
20362559,PACIFIC MOUNTAIN SYSTEM,PACIFIC BORDER,LOS ANGELES RANGES
20362551,PACIFIC MOUNTAIN SYSTEM,PACIFIC BORDER,LOS ANGELES RANGES
20362561,PACIFIC MOUNTAIN SYSTEM,PACIFIC BORDER,LOS ANGELES RANGES
22533010,PACIFIC MOUNTAIN SYSTEM,PACIFIC BORDER,LOS ANGELES RANGES
22556234,PACIFIC MOUNTAIN SYSTEM,PACIFIC BORDER,LOS ANGELES RANGES
20331382,PACIFIC MOUNTAIN SYSTEM,LOWER CALIFORNIAN,
20325097,PACIFIC MOUNTAIN SYSTEM,LOWER CALIFORNIAN,
20325195,PACIFIC MOUNTAIN SYSTEM,LOWER CALIFORNIAN,
22680450,INTERMONTANE PLATEAUS,BASIN AND RANGE,SONORAN DESERT
22680450,PACIFIC MOUNTAIN SYSTEM,PACIFIC BORDER,LOS ANGELES RANGES
22600837,INTERMONTANE PLATEAUS,BASIN AND RANGE,SALTON TROUGH
22592069,INTERMONTANE PLATEAUS,BASIN AND RANGE,SALTON TROUGH
22592683,PACIFIC MOUNTAIN SYSTEM,PACIFIC BORDER,LOS ANGELES RANGES
22600751,PACIFIC MOUNTAIN SYSTEM,LOWER CALIFORNIAN,
22600485,PACIFIC MOUNTAIN SYSTEM,LOWER CALIFORNIAN,
22599553,INTERMONTANE PLATEAUS,BASIN AND RANGE,SALTON TROUGH
